,character,gender,power_score,agency_score,dom_score
0,0,he/him/his,24,140,50.63599999999998
1,5864,she/her,11,21,3.8079999999999985
2,499,he/him/his,11,19,5.858
3,605,he/him/his,3,18,5.936000000000001
4,1482,he/him/his,7,11,3.7079999999999997
5,1538,they/them/their,5,5,5.312000000000001
6,519,he/him/his,11,18,4.91
7,1835,he/him/his,-3,3,3.74
8,1792,she/her,1,15,6.577999999999999
9,941,he/him/his,0,5,4.662
10,1161,he/him/his,5,8,5.650000000000001
11,776,he/him/his,16,15,1.496
12,553,he/him/his,5,11,8.416
13,955,she/her,1,-5,-0.8739999999999999
14,913,she/her,2,12,0.9740000000000018
15,1694,he/him/his,-1,4,0.28000000000000014
16,2342,she/her,4,9,-0.9360000000000003
17,1385,he/him/his,1,4,6.505999999999999
18,525,she/her,4,6,3.43
19,527,she/her,2,2,-3.0620000000000007
20,6572,he/him/his,1,2,1.1500000000000001
21,5953,she/her,6,5,3.4800000000000004
22,2407,he/him/his,0,4,1.062
23,634,he/him/his,6,8,0.6940000000000001
24,3293,she/her,2,2,3.7859999999999996
25,958,he/him/his,5,-1,-2.0020000000000002
26,965,he/him/his,6,4,5.599999999999999
27,974,he/him/his,0,-1,2.484
28,1775,he/him/his,1,9,3.6080000000000005
29,1852,he/him/his,5,5,1.8840000000000001
30,4943,he/him/his,4,0,-0.3419999999999999
31,1327,she/her,9,-1,2.75
32,1321,he/him/his,2,3,5.572000000000001
33,908,he/him/his,0,6,5.529999999999999
34,988,she/her,7,10,-0.5560000000000002
35,1139,she/her,0,3,-0.6099999999999999
36,927,she/her,0,5,0.514
37,537,she/her,4,10,-0.10599999999999982
38,2234,he/him/his,0,4,3.698
39,686,she/her,0,13,0.050000000000000044
40,523,she/her,5,8,2.2640000000000002
41,5857,he/him/his,3,0,2.576000000000001
42,924,he/him/his,6,3,2.6660000000000004
43,1347,he/him/his,0,5,0.8360000000000003
44,2082,he/him/his,1,-4,1.1419999999999995
45,514,he/him/his,4,4,0.5559999999999999
46,1773,he/him/his,2,2,2.1119999999999997
47,5836,they/them/their,4,5,1.7820000000000003
48,5872,he/him/his,-2,0,1.17
49,1783,she/her,-3,2,1.4939999999999998
50,732,she/her,1,4,-0.43800000000000006
51,5788,they/them/their,-2,1,-0.556
52,546,he/him/his,4,4,-1.24
53,4411,he/him/his,-2,3,0.558
54,1271,he/him/his,4,9,0.634
55,1489,they/them/their,4,6,0.472
56,598,he/him/his,-2,0,1.06
57,1006,he/him/his,1,2,-0.642
58,1162,he/him/his,4,5,1.6500000000000004
59,1328,he/him/his,5,6,-2.356
60,531,she/her,0,0,-0.0060000000000001025
61,569,she/her,6,6,1.198
62,3342,she/her,7,5,0.08399999999999999
63,3593,she/her,2,0,4.318
64,1337,she/her,-2,1,0.614
65,8937,she/her,3,-4,0.9219999999999999
66,540,she/her,4,1,-2.168
67,5875,he/him/his,-3,3,-2.2940000000000005
68,1106,she/her,1,1,1.3460000000000003
69,8525,she/her,1,1,0.542
70,1014,he/him/his,0,2,0.384
71,4659,she/her,3,1,1.2800000000000002
72,1426,he/him/his,6,6,0.846
73,1633,she/her,2,3,-0.05600000000000004
74,682,they/them/their,4,4,0.6940000000000001
75,819,he/him/his,-2,1,0.2079999999999999
76,879,he/him/his,1,2,-0.23999999999999996
77,1145,he/him/his,0,4,2.314
78,1421,she/her,-1,1,1.028
79,5944,she/her,-1,0,-1.266
80,791,he/him/his,2,5,-0.49800000000000005
81,1060,she/her,-1,3,-0.3979999999999999
82,6745,she/her,3,3,-1.2320000000000002
83,910,she/her,4,3,2.824
84,4296,she/her,-1,4,0.752
85,1255,he/him/his,-2,1,0.3619999999999999
86,5901,he/him/his,1,0,2.274
87,610,she/her,0,1,1.808
88,497,he/him/his,5,9,1.846
89,2019,he/him/his,2,3,1.4700000000000002
90,5897,he/him/his,-1,0,-0.96
91,5945,they/them/their,2,3,0.806
92,677,she/her,-1,1,0.9060000000000001
93,917,she/her,-1,0,2.6639999999999997
94,1027,he/him/his,0,3,0.18399999999999997
95,7812,he/him/his,2,3,-1.5059999999999998
96,689,she/her,0,2,0.18800000000000003
97,1119,he/him/his,1,2,0.82
98,1461,he/him/his,2,5,0.0
99,509,he/him/his,8,7,1.586
100,545,he/him/his,6,7,-1.2880000000000003
101,1842,he/him/his,1,2,0.34599999999999975
102,6055,she/her,0,-3,2.7680000000000002
103,895,she/her,3,2,0.8840000000000001
104,972,he/him/his,0,0,0.726
105,3484,she/her,0,-1,0.8359999999999999
106,5390,she/her,1,2,1.1999999999999997
107,2532,they/them/their,1,1,0.8240000000000001
108,3761,she/her,0,0,1.242
109,8996,he/him/his,0,0,1.654
110,1581,he/him/his,3,8,-0.25200000000000006
111,512,she/her,3,5,-0.8980000000000001
112,1967,they/them/their,0,8,-0.8300000000000001
113,692,he/him/his,-1,6,0.602
114,765,she/her,2,2,-0.88
115,536,he/him/his,-1,-3,0.18200000000000008
116,542,he/him/his,2,-1,-0.7560000000000001
117,2079,he/him/his,0,3,1.0139999999999998
118,2165,she/her,1,1,1.082
119,6310,she/her,4,5,0.8440000000000001
120,7744,she/her,1,1,0.2859999999999999
121,1808,he/him/his,2,-2,2.8099999999999996
122,3056,they/them/their,1,5,0.086
123,973,he/him/his,-1,-2,1.226
124,4332,she/her,-7,-4,2.222
125,2315,he/him/his,-4,1,-0.028000000000000025
126,740,she/her,2,3,0.2900000000000002
127,3161,he/him/his,1,4,0.776
128,957,he/him/his,0,0,1.472
129,508,he/him/his,-2,0,0.942
130,511,he/him/his,0,0,0.594
131,1856,he/him/his,0,-1,-0.4780000000000003
132,6107,he/him/his,0,-1,-1.05
133,3410,they/them/their,3,2,-0.504
134,1057,he/him/his,2,4,0.12599999999999983
135,3843,he/him/his,2,1,0.434
136,1084,she/her,1,1,-0.8380000000000002
137,1537,he/him/his,5,6,-0.9159999999999999
138,604,she/her,0,1,0.42
139,737,she/her,2,1,-0.43400000000000005
140,2965,she/her,3,1,0.8860000000000001
141,7703,she/her,-3,2,1.4020000000000001
142,1181,he/him/his,1,-1,4.32
143,8276,he/him/his,-2,0,0.674
144,1992,she/her,1,2,-0.5820000000000001
145,624,she/her,1,2,2.014
146,859,she/her,0,0,-0.9239999999999999
147,892,she/her,1,0,1.652
148,3158,he/him/his,1,2,0.974
149,6993,he/him/his,3,-1,0.8220000000000001
150,928,he/him/his,0,0,-1.584
151,3722,they/them/their,2,3,-0.768
152,3915,she/her,0,2,-1.6079999999999999
153,4428,he/him/his,1,1,0.908
154,1353,she/her,2,4,-0.166
155,1665,they/them/their,1,0,0.08000000000000007
156,1687,she/her,1,0,-0.15599999999999997
157,549,he/him/his,1,1,0.64
158,2098,she/her,0,1,0.5920000000000001
159,6129,she/her,0,-2,1.5100000000000002
160,794,he/him/his,0,0,0.3739999999999999
161,1183,she/her,2,2,-0.962
162,7271,he/him/his,0,0,0.7140000000000001
163,1109,she/her,3,3,0.8640000000000001
164,1120,she/her,-1,1,-0.546
165,1350,he/him/his,1,1,0.6739999999999999
166,1994,she/her,-1,0,0.0
167,6106,he/him/his,0,1,-1.1600000000000001
168,635,he/him/his,0,1,0.49
169,2222,he/him/his,2,-2,0.704
170,6346,they/them/their,1,-1,-0.226
171,3301,he/him/his,1,-1,2.984
172,7415,they/them/their,0,1,-0.32199999999999995
173,1111,she/her,1,0,0.9719999999999999
174,7883,he/him/his,-3,-4,1.204
175,4706,he/him/his,3,2,1.348
176,1387,she/her,-1,3,0.03599999999999992
177,513,she/her,0,2,0.32
178,1928,she/her,2,3,0.218
179,6039,he/him/his,0,0,1.3479999999999999
180,2105,she/her,-1,0,-1.754
181,623,he/him/his,0,0,-0.376
182,680,she/her,0,-1,0.10599999999999998
183,2366,he/him/his,0,2,1.532
184,731,he/him/his,1,2,-0.486
185,2696,she/her,1,0,0.33
186,6636,he/him/his,-3,1,-0.12800000000000003
187,857,she/her,0,0,-0.486
188,168,she/her,5,3,1.366
189,3113,they/them/their,1,0,0.354
190,4006,she/her,3,3,-0.20600000000000002
191,1135,he/him/his,1,3,1.152
192,1160,he/him/his,0,2,-0.648
193,1182,he/him/his,1,1,-0.3640000000000001
194,1237,she/her,2,4,-0.5900000000000001
195,5611,they/them/their,0,1,-0.518
196,507,he/him/his,1,2,1.308
197,5829,they/them/their,1,1,-0.15400000000000014
198,1807,she/her,-1,1,0.7639999999999999
199,606,he/him/his,0,1,0.47
200,2300,he/him/his,2,4,1.03
201,2325,she/her,3,5,1.416
202,2598,she/her,2,2,2.556
203,2896,he/him/his,0,-1,-0.09800000000000003
204,4119,they/them/their,0,0,-0.46
205,4754,they/them/their,4,4,0.734
206,1330,he/him/his,0,-1,1.1360000000000001
207,5997,he/him/his,-1,0,0.8899999999999999
208,568,he/him/his,0,0,0.368
209,2330,she/her,0,1,0.22000000000000003
210,683,he/him/his,4,3,-0.05999999999999996
211,2630,he/him/his,0,2,0.12999999999999998
212,792,he/him/his,1,1,0.9740000000000001
213,817,he/him/his,0,1,0.684
214,841,she/her,0,0,1.316
215,850,she/her,1,1,-0.486
216,874,she/her,2,2,-0.736
217,4921,he/him/his,5,5,-0.374
218,6068,she/her,0,0,0.328
219,638,he/him/his,0,0,1.614
220,6159,she/her,2,1,0.12399999999999997
221,2361,she/her,-2,-1,1.076
222,799,he/him/his,-1,0,-0.30200000000000005
223,888,he/him/his,1,0,0.504
224,912,he/him/his,0,0,1.5859999999999999
225,3469,he/him/his,-2,-2,-0.244
226,979,she/her,0,0,-0.238
227,7968,he/him/his,0,0,0.456
228,1173,he/him/his,1,4,-0.586
229,1221,he/him/his,1,1,-0.814
230,1314,she/her,3,3,-0.208
231,526,he/him/his,0,4,-0.06999999999999999
232,550,he/him/his,3,3,0.19800000000000006
233,551,he/him/his,0,0,-0.01799999999999996
234,600,he/him/his,0,0,-0.258
235,1986,she/her,0,0,-1.694
236,2244,they/them/their,0,1,-0.14400000000000002
237,781,she/her,0,0,-0.306
238,877,she/her,1,2,1.1179999999999999
239,906,he/him/his,-1,1,-0.22200000000000006
240,1005,he/him/his,0,1,1.766
241,1011,he/him/his,-1,0,0.718
242,1048,he/him/his,-1,-1,-0.6900000000000001
243,4024,she/her,1,0,-0.09600000000000002
244,4029,he/him/his,1,-1,-0.03999999999999998
245,4358,they/them/their,1,1,0.422
246,7899,they/them/their,1,2,0.54
247,1198,she/her,-1,-1,0.8759999999999999
248,1270,he/him/his,2,2,0.10200000000000001
249,1367,he/him/his,0,0,-1.322
250,8936,he/him/his,1,3,-0.11400000000000003
251,517,she/her,1,0,0.328
252,1883,he/him/his,-1,1,-0.344
253,2224,they/them/their,0,2,-0.9019999999999999
254,2287,she/her,2,0,0.642
255,2329,she/her,0,-1,-0.852
256,678,he/him/his,0,2,-0.904
257,2439,he/him/his,-4,0,1.2919999999999998
258,717,he/him/his,-1,0,0.648
259,2624,she/her,4,3,0.32999999999999996
260,2629,she/her,1,3,0.208
261,6372,they/them/their,0,0,0.0
262,898,he/him/his,0,-1,-0.722
263,3314,they/them/their,0,0,-0.476
264,1029,he/him/his,1,0,0.496
265,1074,he/him/his,-1,0,-0.09799999999999995
266,1077,he/him/his,2,2,-0.7240000000000001
267,4204,she/her,1,1,0.08200000000000005
268,4543,he/him/his,1,1,1.666
269,1555,he/him/his,2,2,-0.518
270,1607,he/him/his,1,2,-0.398
271,1688,she/her,-2,2,0.276
272,5923,she/her,0,-1,0.504
273,555,she/her,1,1,0.112
274,1924,she/her,2,-1,-0.264
275,2335,he/him/his,0,0,-0.28800000000000003
276,685,he/him/his,3,0,0.0
277,694,he/him/his,3,1,0.088
278,744,she/her,0,0,-0.69
279,6413,they/them/their,0,3,-0.098
280,777,she/her,0,0,0.762
281,796,he/him/his,0,-1,-0.7379999999999999
282,816,he/him/his,0,-4,0.6439999999999999
283,6772,he/him/his,0,2,0.372
284,901,he/him/his,0,0,-0.08200000000000002
285,923,they/them/their,1,1,1.428
286,3539,she/her,0,0,-0.32400000000000007
287,1032,she/her,-1,0,-1.0819999999999999
288,3681,they/them/their,5,6,-0.034
289,7504,they/them/their,1,1,0.016
290,1073,they/them/their,3,2,1.8359999999999999
291,1143,he/him/his,-2,0,0.236
292,1152,he/him/his,-1,0,1.092
293,4646,she/her,-2,-4,-0.47000000000000003
294,5350,they/them/their,6,7,0.182
295,1392,he/him/his,1,1,0.0
296,1558,they/them/their,3,1,0.0
297,1704,she/her,1,2,0.288
298,1929,she/her,2,2,1.0639999999999998
299,2277,they/them/their,0,-1,0.5
300,2312,they/them/their,4,5,0.7719999999999999
301,2424,he/him/his,0,0,0.8540000000000001
302,2450,he/him/his,-2,-1,-0.16800000000000004
303,728,she/her,2,3,-0.86
304,759,he/him/his,-1,0,-0.312
305,763,he/him/his,1,1,0.0040000000000000036
306,2685,she/her,1,0,0.56
307,793,she/her,2,2,0.41800000000000004
308,6665,he/him/his,1,1,0.5720000000000001
309,873,they/them/their,4,4,1.286
310,942,he/him/his,1,2,1.224
311,3554,she/her,0,0,0.372
312,1030,he/him/his,1,1,-1.0
313,3710,she/her,-1,0,0.7380000000000001
314,3724,they/them/their,-2,0,-0.03800000000000009
315,7557,he/him/his,0,0,0.122
316,1064,he/him/his,0,0,-0.08
317,1112,she/her,-1,0,0.6299999999999999
318,1158,he/him/his,2,2,0.794
319,4657,he/him/his,-2,-1,-0.076
320,4756,they/them/their,0,0,0.698
321,1273,he/him/his,-1,1,0.8380000000000001
322,8501,she/her,1,1,0.04799999999999999
323,1331,she/her,1,2,1.424
324,1363,he/him/his,-1,0,0.964
325,5372,she/her,2,2,0.632
326,1684,he/him/his,1,1,1.018
327,1972,he/him/his,0,1,0.3620000000000002
328,616,he/him/his,0,0,0.35
329,2213,they/them/their,4,4,0.626
330,2515,he/him/his,-3,0,0.378
331,6252,he/him/his,0,0,0.5059999999999999
332,2580,they/them/their,0,1,0.554
333,6319,he/him/his,1,1,0.36
334,6440,she/her,0,0,-0.43999999999999995
335,6887,they/them/their,1,0,0.0
336,6898,she/her,0,0,0.754
337,3273,they/them/their,0,1,0.6700000000000002
338,7104,she/her,2,2,0.0
339,1023,he/him/his,2,1,-0.28
340,3865,he/him/his,1,1,-0.126
341,1187,she/her,1,0,0.08400000000000002
342,4764,he/him/his,0,0,-0.128
343,8664,he/him/his,1,1,-0.728
344,8718,they/them/their,0,-1,0.0
345,1352,he/him/his,0,0,-0.040000000000000036
346,1355,she/her,1,0,0.12800000000000006
347,5789,he/him/his,-2,-1,0.29000000000000004
348,1664,he/him/his,-1,-3,0.902
349,1685,he/him/his,1,1,-0.798
350,1756,they/them/their,0,0,0.182
351,5934,she/her,0,1,1.024
352,2184,she/her,0,0,-1.322
353,2206,she/her,1,1,0.18399999999999997
354,2286,he/him/his,3,3,0.358
355,679,he/him/his,0,0,0.30000000000000004
356,695,he/him/his,1,1,1.028
357,2480,he/him/his,0,0,0.27
358,6576,he/him/his,0,0,0.10399999999999998
359,6653,he/him/his,3,3,1.232
360,6708,she/her,0,0,0.6219999999999999
361,2933,she/her,1,1,-0.416
362,907,he/him/his,-1,0,0.1259999999999999
363,6929,she/her,1,2,1.266
364,918,they/them/their,0,0,0.0
365,983,he/him/his,-1,0,-0.45599999999999996
366,3564,he/him/his,1,1,0.3820000000000001
367,991,he/him/his,1,1,0.35600000000000004
368,7448,she/her,2,2,-0.29200000000000004
369,1126,she/her,2,1,-0.9820000000000001
370,4198,she/her,-1,0,-0.364
371,4661,he/him/his,1,1,0.166
372,9165,he/him/his,1,2,-0.048
373,1519,they/them/their,-1,1,0.0
374,505,he/him/his,0,0,-0.09
375,5843,she/her,-1,2,0.0
376,5884,they/them/their,2,1,0.0
377,522,he/him/his,0,0,0.314
378,562,she/her,0,0,-0.09999999999999999
379,1954,they/them/their,0,0,0.9
380,633,he/him/his,0,0,0.066
381,637,he/him/his,0,0,0.0
382,2264,they/them/their,2,0,1.278
383,2389,they/them/their,-2,0,1.544
384,690,they/them/their,1,0,-0.25599999999999995
385,6253,they/them/their,2,2,-0.56
386,6431,he/him/his,0,0,-0.18
387,6480,he/him/his,0,0,1.79
388,6743,he/him/his,0,0,-0.304
389,2858,she/her,-1,0,0.07200000000000001
390,3447,they/them/their,0,1,-0.696
391,994,he/him/his,0,0,0.124
392,7623,he/him/his,1,2,-0.896
393,1079,she/her,0,1,0.056
394,3944,he/him/his,1,3,0.554
395,4064,she/her,1,0,0.614
396,1163,he/him/his,0,0,1.414
397,4716,they/them/their,1,2,0.25
398,1204,he/him/his,0,0,0.06999999999999998
399,8555,they/them/their,0,-2,0.142
400,5068,they/them/their,0,0,0.29000000000000004
401,8901,they/them/their,0,1,0.21200000000000002
402,1398,she/her,0,0,-0.19800000000000004
403,1401,he/him/his,0,0,1.2
404,5694,he/him/his,0,0,0.436
405,500,he/him/his,0,0,-0.029999999999999992
406,6046,he/him/his,-1,0,-0.536
407,2037,they/them/their,0,0,0.836
408,614,she/her,0,0,0.35600000000000004
409,2341,he/him/his,0,0,1.294
410,704,he/him/his,0,0,-0.8099999999999999
411,6285,she/her,0,1,0.016
412,758,he/him/his,1,0,0.608
413,847,he/him/his,-1,-2,0.544
414,2890,he/him/his,0,0,-0.328
415,3034,they/them/their,1,2,0.888
416,3142,she/her,0,0,0.216
417,7008,he/him/his,-1,0,0.698
418,933,he/him/his,-1,2,1.532
419,7094,she/her,1,1,1.774
420,975,they/them/their,0,0,0.0
421,3428,he/him/his,1,0,0.166
422,3440,they/them/their,1,2,-0.08800000000000002
423,3578,she/her,0,0,2.128
424,3879,they/them/their,0,-1,-0.14599999999999996
425,1116,she/her,-1,1,0.06599999999999998
426,1155,he/him/his,3,2,-0.0040000000000000036
427,4471,she/her,-3,0,0.0
428,4517,he/him/his,0,0,0.166
429,1626,they/them/their,0,1,0.0
430,4556,he/him/his,3,1,0.2780000000000001
431,8114,they/them/their,0,0,-0.92
432,8120,they/them/their,-1,0,-0.11199999999999999
433,1277,he/him/his,1,1,0.11800000000000002
434,1360,he/him/his,1,2,0.158
435,5571,they/them/their,1,3,0.17
436,1422,he/him/his,1,1,0.5599999999999999
437,1540,they/them/their,0,0,0.0
438,1571,he/him/his,-1,-1,-0.054
439,1727,she/her,1,0,1.11
440,1777,he/him/his,1,1,0.016
441,554,he/him/his,1,2,0.7040000000000001
442,1830,he/him/his,0,0,-0.14600000000000002
443,1855,they/them/their,0,1,0.0
444,595,they/them/their,0,3,0.492
445,2012,they/them/their,0,0,-0.172
446,2049,he/him/his,0,0,-0.136
447,613,she/her,1,1,1.372
448,626,she/her,1,2,-0.19199999999999998
449,693,she/her,1,1,0.0
450,6244,he/him/his,0,0,0.516
451,6289,he/him/his,0,-1,0.23400000000000007
452,6464,they/them/their,1,2,-0.128
453,775,he/him/his,0,1,0.0
454,6511,she/her,0,0,-0.007999999999999952
455,2727,she/her,2,2,-0.21200000000000002
456,6589,he/him/his,0,-1,0.12400000000000003
457,6602,he/him/his,0,0,-0.004
458,2750,they/them/their,-1,0,-0.314
459,6697,he/him/his,0,0,0.35
460,6727,he/him/his,1,1,0.096
461,6840,they/them/their,0,3,0.060000000000000026
462,3011,they/them/their,0,0,1.654
463,909,they/them/their,0,0,-0.18
464,6962,they/them/their,2,1,-0.31
465,936,she/her,-1,0,0.346
466,3451,they/them/their,-1,2,0.0
467,3466,he/him/his,0,0,0.11999999999999988
468,987,he/him/his,1,1,-0.402
469,3667,she/her,-1,0,-0.094
470,3855,she/her,0,1,0.39999999999999997
471,7608,she/her,1,0,0.142
472,3880,he/him/his,1,1,0.45
473,7717,they/them/their,5,7,-0.034
474,7737,she/her,0,0,0.050000000000000044
475,1137,she/her,1,0,0.536
476,4375,he/him/his,1,1,1.1239999999999999
477,1168,she/her,0,0,0.6219999999999999
478,4544,she/her,-1,0,0.10800000000000003
479,8119,they/them/their,0,0,-0.00799999999999998
480,1259,he/him/his,0,0,0.182
481,1284,he/him/his,1,3,-0.146
482,8478,they/them/their,1,-1,0.386
483,8655,he/him/his,0,0,-0.061999999999999944
484,1338,she/her,0,0,0.32799999999999996
485,5437,he/him/his,0,0,0.504
486,5452,he/him/his,-1,0,0.386
487,1463,she/her,5,5,0.0
488,5784,they/them/their,1,0,0.0
489,5799,they/them/their,0,0,0.866
490,1652,he/him/his,0,0,-0.42000000000000004
491,5871,she/her,0,0,0.17400000000000002
492,1689,she/her,0,0,0.89
493,566,he/him/his,1,1,-0.33999999999999997
494,1850,they/them/their,0,1,-0.33399999999999996
495,1876,they/them/their,0,4,0.376
496,1951,she/her,-1,0,0.0
497,6062,he/him/his,0,0,-0.9500000000000001
498,608,he/him/his,0,0,0.296
499,627,she/her,1,2,0.0
500,2166,he/him/his,0,0,-0.37
501,632,she/her,0,0,0.648
502,2200,he/him/his,1,1,1.282
503,2223,they/them/their,0,1,0.0
504,2253,they/them/their,1,-1,0.0
505,2485,they/them/their,0,0,-0.314
506,709,he/him/his,0,0,0.9179999999999999
507,726,he/him/his,0,0,-0.864
508,6435,they/them/their,0,-1,-0.6
509,780,she/her,2,1,-0.328
510,838,he/him/his,0,0,0.33199999999999996
511,2771,he/him/his,1,1,-0.148
512,6679,she/her,1,1,-0.328
513,2783,they/them/their,0,0,1.4020000000000001
514,890,she/her,0,0,0.0
515,2957,they/them/their,-1,-2,-0.428
516,897,she/her,-2,0,0.0
517,3005,she/her,0,0,0.706
518,3163,they/them/their,0,0,0.6579999999999999
519,7017,he/him/his,0,0,0.0
520,7258,they/them/their,0,0,0.0
521,1052,they/them/their,3,2,0.0
522,1054,he/him/his,-1,0,0.0
523,7600,she/her,0,2,-0.328
524,1066,she/her,0,0,0.182
525,1098,he/him/his,0,0,-0.8140000000000001
526,3976,he/him/his,0,0,1.622
527,7699,she/her,-1,2,0.254
528,4044,she/her,1,-3,0.31
529,7783,he/him/his,1,1,-0.136
530,7894,he/him/his,0,0,1.02
531,1156,he/him/his,0,0,-0.094
532,4518,they/them/their,0,0,0.0
533,4673,they/them/their,0,1,0.384
534,1188,they/them/their,1,1,-0.16
535,4758,they/them/their,-1,-1,0.404
536,271,he/him/his,0,0,0.85
537,4928,they/them/their,0,0,0.572
538,1278,he/him/his,0,0,-0.21
539,1280,they/them/their,0,0,0.0
540,349,she/her,0,0,-0.552
541,8533,he/him/his,0,0,0.942
542,5244,they/them/their,2,2,0.0
543,1541,he/him/his,1,1,0.45799999999999996
544,5815,they/them/their,0,0,0.0
545,1591,they/them/their,0,0,0.0
546,516,he/him/his,1,1,0.166
547,5878,she/her,0,0,0.0
548,5893,he/him/his,0,0,-0.33
549,521,he/him/his,0,0,-0.09
550,524,she/her,0,0,-0.428
551,1747,she/her,0,0,0.296
552,552,he/him/his,0,0,1.098
553,556,he/him/his,0,0,0.056
554,559,she/her,0,0,0.0
555,570,he/him/his,2,2,0.0
556,2011,she/her,0,0,-0.5479999999999999
557,609,she/her,0,0,0.434
558,2084,she/her,0,-1,0.284
559,2217,they/them/their,0,0,0.0
560,2270,he/him/his,2,2,0.648
561,2369,he/him/his,-1,-1,0.0
562,2421,he/him/his,0,0,0.9099999999999999
563,714,she/her,-1,1,-0.018
564,727,they/them/their,-3,2,0.0
565,6280,they/them/their,0,-1,0.5
566,2575,she/her,0,-1,0.594
567,741,she/her,0,0,-0.37
568,756,he/him/his,0,0,-0.544
569,2640,they/them/their,0,0,0.0
570,2646,he/him/his,0,0,0.124
571,6394,she/her,0,0,-0.746
572,6526,he/him/his,0,0,0.426
573,785,he/him/his,-1,0,0.056
574,2720,she/her,0,0,-0.132
575,833,he/him/his,0,0,-0.07
576,834,he/him/his,1,1,0.294
577,6654,she/her,-1,0,0.0
578,2802,she/her,0,0,0.0
579,851,he/him/his,0,0,0.0
580,862,she/her,0,0,-0.286
581,6779,they/them/their,1,2,0.588
582,6796,she/her,0,0,-0.036
583,6810,he/him/his,0,0,0.188
584,2952,she/her,0,-1,0.094
585,6860,she/her,0,1,-0.31
586,893,they/them/their,0,0,0.0
587,3156,they/them/their,0,0,0.0
588,934,she/her,0,0,-0.296
589,7089,they/them/their,0,0,0.0
590,3432,they/them/their,0,2,0.0
591,3454,they/them/their,0,0,0.218
592,981,she/her,1,1,0.0
593,3581,she/her,0,0,-0.166
594,7364,they/them/their,-1,0,-0.096
595,1028,she/her,3,3,0.0
596,1031,he/him/his,1,1,0.166
597,7443,he/him/his,0,1,-0.28400000000000003
598,1046,she/her,0,0,0.0
599,7518,she/her,0,0,0.212
600,7528,they/them/their,0,0,0.066
601,3873,they/them/their,0,0,0.6
602,1075,they/them/their,0,0,0.0
603,7635,he/him/his,1,1,0.772
604,1095,she/her,1,3,-0.13
605,1101,they/them/their,0,0,0.016
606,4054,she/her,0,1,-0.314
607,4079,they/them/their,1,2,-0.37
608,7851,they/them/their,0,0,-0.172
609,7861,she/her,1,1,0.0
610,4175,he/him/his,1,1,0.8160000000000001
611,4222,she/her,1,0,0.648
612,4249,she/her,1,1,0.806
613,4333,she/her,0,3,0.648
614,7972,he/him/his,0,0,-0.148
615,4803,he/him/his,0,0,-0.77
616,1210,he/him/his,0,0,-0.016
617,1220,he/him/his,0,1,0.498
618,1239,he/him/his,0,0,0.116
619,1264,he/him/his,-1,-1,0.0
620,1279,he/him/his,0,0,0.0
621,1287,she/her,-1,-1,0.0
622,4954,he/him/his,2,0,0.09
623,8473,he/him/his,0,0,1.098
624,4998,he/him/his,1,-1,-0.952
625,8529,he/him/his,0,0,-0.714
626,1322,he/him/his,0,0,0.0
627,1344,she/her,0,0,-0.136
628,1349,he/him/his,0,0,0.784
629,5262,he/him/his,1,1,0.778
630,5332,he/him/his,0,0,-0.43
631,8691,they/them/their,0,0,0.198
632,1371,they/them/their,0,-1,-0.49
633,1397,he/him/his,0,0,0.0
634,1405,they/them/their,0,0,0.088
635,9110,he/him/his,1,1,-0.694
636,5589,he/him/his,1,1,0.0
637,5601,he/him/his,1,1,-0.136
638,5631,they/them/their,0,0,0.716
639,5736,they/them/their,2,3,0.0
640,1564,they/them/their,0,0,0.14599999999999996
641,1575,they/them/their,0,0,-0.316
642,1594,he/him/his,1,2,-0.054
643,1672,they/them/their,1,2,0.314
644,5946,they/them/their,1,1,0.472
645,5963,he/him/his,0,0,-0.5
646,5995,they/them/their,0,1,0.09
647,574,he/him/his,-1,0,0.0
648,577,she/her,0,1,0.0
649,580,they/them/their,0,0,0.0
650,1933,he/him/his,0,-1,0.09
651,1848,they/them/their,0,0,0.1
652,2052,they/them/their,2,2,0.0
653,2072,she/her,0,0,0.0
654,620,she/her,1,1,0.0
655,6098,he/him/his,-1,0,0.0
656,2118,he/him/his,0,0,0.0
657,2123,they/them/their,0,0,0.0
658,2144,she/her,0,0,0.316
659,2157,she/her,0,0,0.0
660,2242,they/them/their,0,0,-0.416
661,2295,they/them/their,0,0,0.436
662,647,he/him/his,0,1,0.0
663,681,they/them/their,1,-1,0.472
664,2368,he/him/his,0,0,0.4
665,2413,they/them/their,0,0,0.368
666,700,he/him/his,-1,-2,0.0
667,2479,they/them/their,0,0,0.056
668,6223,he/him/his,0,1,0.34
669,2554,she/her,0,0,0.626
670,6294,she/her,1,1,0.386
671,2590,she/her,0,0,0.0
672,2606,they/them/their,1,-1,-0.544
673,754,he/him/his,1,2,0.0
674,6365,he/him/his,3,3,0.45
675,761,he/him/his,-1,1,0.648
676,762,she/her,1,1,0.0
677,6402,they/them/their,1,1,-0.072
678,770,he/him/his,0,0,0.41600000000000004
679,2678,they/them/their,0,0,0.0
680,778,he/him/his,0,0,0.0
681,2716,he/him/his,-1,0,-0.20199999999999999
682,6547,they/them/their,1,1,0.09
683,2729,they/them/their,-1,0,0.0
684,815,he/him/his,0,0,0.112
685,818,he/him/his,0,-1,-0.436
686,820,he/him/his,1,1,-0.672
687,6625,they/them/their,-1,1,0.0
688,831,he/him/his,-1,0,0.0
689,852,she/her,0,0,-0.428
690,863,they/them/their,0,0,0.0
691,871,he/him/his,0,0,0.0
692,6881,they/them/their,0,0,0.0
693,6888,they/them/their,0,0,0.424
694,6889,he/him/his,-1,1,-0.034
695,3008,she/her,0,0,0.286
696,6917,he/him/his,0,0,0.0
697,3070,he/him/his,0,0,0.0
698,911,they/them/their,1,1,0.0
699,914,she/her,0,0,0.0
700,916,she/her,-1,0,0.0
701,3277,they/them/their,0,0,-0.526
702,929,they/them/their,0,0,-0.116
703,3303,she/her,2,2,0.438
704,7090,they/them/their,0,0,0.648
705,7093,he/him/his,0,0,-0.308
706,7180,they/them/their,0,0,0.0
707,3399,they/them/their,0,-1,-0.098
708,3404,they/them/their,0,-1,0.0
709,3464,they/them/their,0,0,0.0
710,989,they/them/their,0,0,0.24800000000000003
711,3621,he/him/his,0,0,-0.32199999999999995
712,1035,he/him/his,0,1,-0.536
713,3636,she/her,0,0,0.0
714,1040,they/them/their,0,0,0.0
715,7456,they/them/their,1,0,-0.136
716,3644,they/them/their,1,1,0.0
717,7474,they/them/their,0,0,0.948
718,1051,he/him/his,0,0,0.648
719,1053,they/them/their,2,1,0.0
720,7546,he/him/his,0,0,0.0
721,7556,they/them/their,1,1,0.0
722,3746,he/him/his,0,0,-0.308
723,1085,they/them/their,0,0,0.45
724,3964,they/them/their,0,0,0.016
725,1104,she/her,0,0,-0.09
726,1105,she/her,0,0,0.648
727,7682,they/them/their,0,0,0.036
728,7729,she/her,0,0,-0.32000000000000006
729,4039,they/them/their,3,2,-0.436
730,1125,he/him/his,0,-1,0.0
731,7823,he/him/his,0,0,0.34
732,4101,he/him/his,0,0,-0.398
733,1130,he/him/his,0,0,0.0
734,4312,she/her,1,1,0.8919999999999999
735,1165,she/her,0,0,0.0
736,1190,she/her,0,0,0.17
737,1191,he/him/his,0,-1,0.0
738,1196,he/him/his,0,0,0.28600000000000003
739,4860,he/him/his,0,0,-0.37
740,8179,they/them/their,0,0,0.0
741,1269,they/them/their,0,0,0.0
742,8396,they/them/their,0,0,0.09
743,1304,she/her,0,0,0.14
744,1310,she/her,0,0,-0.46199999999999997
745,1313,he/him/his,0,0,0.0
746,1319,they/them/their,0,0,0.784
747,8559,he/him/his,0,0,-0.17
748,5048,he/him/his,0,0,0.648
749,5059,they/them/their,-1,0,-0.034
750,1333,he/him/his,1,1,0.0
751,8625,they/them/their,1,1,-0.388
752,5188,they/them/their,0,0,0.0
753,1346,she/her,0,0,-0.314
754,8764,they/them/their,-1,0,-0.772
755,5215,they/them/their,0,1,0.0
756,5367,he/him/his,0,0,0.172
757,1384,he/him/his,0,0,-0.194
758,8967,he/him/his,-1,0,0.242
759,1396,he/him/his,0,0,0.632
760,5471,he/him/his,0,0,0.6579999999999999
761,5502,they/them/their,0,1,0.734
762,5557,he/him/his,2,1,0.338
763,1436,she/her,0,0,0.296
764,5751,he/him/his,0,0,0.274
765,5761,she/her,0,1,0.22800000000000004
766,1455,she/her,0,0,0.348
767,498,he/him/his,0,0,0.0
768,1539,she/her,0,0,-0.13
769,1559,he/him/his,0,0,0.26
770,1596,they/them/their,0,0,0.066
771,520,she/her,0,0,0.648
772,1701,he/him/his,0,0,-0.054
773,5924,they/them/their,0,0,0.852
774,1717,he/him/his,0,0,0.386
775,1723,they/them/their,-1,0,0.81
776,1732,she/her,0,0,0.0
777,1767,she/her,0,0,0.648
778,1822,they/them/their,0,0,0.0
779,576,she/her,0,0,0.092
780,586,she/her,0,0,0.0
781,589,she/her,1,1,0.0
782,590,she/her,0,0,0.386
783,602,she/her,0,0,0.0
784,607,they/them/their,0,0,0.0
785,2036,they/them/their,-1,0,0.0
786,611,she/her,0,0,0.0
787,2055,she/her,1,1,-0.132
788,617,he/him/his,0,0,0.0
789,619,she/her,3,3,0.0
790,6095,they/them/their,-1,0,0.0
791,2145,she/her,0,0,0.018
792,628,she/her,0,0,0.023999999999999994
793,2219,he/him/his,0,0,0.258
794,2250,they/them/their,0,0,0.62
795,2254,he/him/his,0,0,0.0
796,639,she/her,1,1,-0.31
797,2290,he/him/his,-1,1,0.09
798,646,she/her,0,0,0.298
799,657,she/her,0,0,0.092
800,670,they/them/their,0,0,0.0
801,2350,they/them/their,1,2,0.0
802,691,they/them/their,0,0,0.0
803,2419,he/him/his,0,0,1.146
804,6186,he/him/his,0,0,0.0
805,1690,they/them/their,0,0,0.0
806,2426,he/him/his,-1,0,-0.054
807,6202,he/him/his,3,2,0.158
808,696,they/them/their,0,0,0.0
809,699,he/him/his,0,0,0.0
810,706,they/them/their,0,0,0.0
811,707,he/him/his,0,0,0.0
812,711,he/him/his,-1,-1,0.0
813,2518,they/them/their,1,1,0.0
814,715,they/them/their,0,0,0.0
815,2571,he/him/his,1,1,0.17
816,2577,they/them/their,1,0,0.0
817,734,she/her,0,1,0.31
818,2585,he/him/his,0,0,0.0
819,745,he/him/his,0,0,-0.158
820,2674,she/her,0,0,0.464
821,6458,they/them/their,0,0,0.066
822,773,she/her,0,0,0.0
823,2711,she/her,0,0,0.47
824,6531,they/them/their,0,0,0.122
825,2741,he/him/his,1,0,0.0
826,6579,they/them/their,0,0,0.05
827,806,they/them/their,0,0,0.0
828,6604,they/them/their,0,-2,0.0
829,822,he/him/his,0,0,-0.55
830,6628,she/her,0,1,0.45
831,6647,they/them/their,0,0,0.334
832,2763,he/him/his,0,0,0.45
833,6675,they/them/their,0,0,0.634
834,848,he/him/his,0,-1,-0.16
835,6693,he/him/his,1,1,0.142
836,6714,they/them/their,0,1,0.0
837,2834,he/him/his,0,0,0.0
838,83,he/him/his,0,0,0.368
839,2920,they/them/their,0,0,0.26
840,6848,he/him/his,0,0,0.14600000000000002
841,878,she/her,0,0,0.0
842,6867,they/them/their,-1,-1,0.82
843,2997,they/them/their,2,1,0.42
844,905,he/him/his,0,0,0.0
845,3036,she/her,-1,1,0.208
846,3059,she/her,0,2,0.0
847,3108,he/him/his,0,0,-0.09
848,3120,she/her,0,0,0.784
849,3185,she/her,0,0,-0.79
850,3195,she/her,0,0,0.388
851,3247,they/them/their,0,0,0.0
852,3267,he/him/his,1,1,0.174
853,925,he/him/his,0,0,0.0
854,932,they/them/their,0,0,0.0
855,7016,they/them/their,0,0,0.0
856,7019,they/them/their,0,0,0.34
857,206,they/them/their,0,0,0.45999999999999996
858,935,she/her,0,0,-0.408
859,7067,he/him/his,0,0,0.214
860,7072,they/them/their,0,0,0.0
861,938,she/her,0,0,0.15
862,7124,they/them/their,0,0,0.0
863,948,he/him/his,0,1,0.914
864,963,he/him/his,0,0,-0.45399999999999996
865,969,she/her,0,0,0.056
866,7227,they/them/their,0,0,0.072
867,3398,he/him/his,0,0,0.5700000000000001
868,3408,they/them/their,0,0,0.666
869,3505,they/them/their,-1,0,0.0
870,986,they/them/their,0,0,0.0
871,7269,they/them/their,0,0,0.852
872,997,he/him/his,0,0,0.0
873,1002,she/her,0,0,0.056
874,1003,he/him/his,0,0,0.83
875,1004,he/him/his,0,0,-0.16
876,1012,he/him/his,0,0,-0.038
877,1013,he/him/his,0,0,0.0
878,1015,he/him/his,0,0,-0.07
879,1021,he/him/his,0,0,0.0
880,7406,they/them/their,0,0,-0.1
881,3634,she/her,0,0,-0.16
882,3676,they/them/their,2,2,-0.428
883,7484,he/him/his,0,0,-0.418
884,3709,they/them/their,-1,1,-0.122
885,3738,they/them/their,0,0,0.0
886,1055,they/them/their,0,0,0.0
887,1056,she/her,0,0,0.648
888,7552,they/them/their,0,0,-0.31
889,7555,he/him/his,2,2,0.0
890,3768,he/him/his,0,0,-0.29
891,3791,he/him/his,0,0,0.112
892,3836,she/her,0,0,-0.428
893,1065,he/him/his,-1,0,0.716
894,1067,he/him/his,0,0,0.0
895,1069,he/him/his,0,0,0.45
896,7622,they/them/their,0,1,-0.51
897,1076,they/them/their,0,0,0.0
898,3893,she/her,-1,1,0.0
899,3906,she/her,0,0,0.0
900,1086,he/him/his,0,0,0.166
901,1087,she/her,0,0,-0.15200000000000002
902,3941,they/them/their,0,0,-0.116
903,7663,they/them/their,0,0,0.0
904,1107,she/her,0,0,-0.054
905,4008,she/her,1,-1,-1.258
906,4014,she/her,-2,0,0.0
907,7696,he/him/his,0,0,0.0
908,7726,he/him/his,0,0,1.42
909,1110,he/him/his,0,0,0.59
910,1129,he/him/his,-1,0,0.0
911,95,he/him/his,0,0,-0.544
912,4236,they/them/their,2,2,0.0
913,4257,they/them/their,0,0,-0.152
914,7897,he/him/his,0,0,-0.328
915,7898,he/him/his,0,0,0.0
916,7908,they/them/their,1,1,0.0
917,1159,she/her,0,0,0.0
918,4468,he/him/his,-1,1,0.648
919,4510,he/him/his,0,0,0.0
920,4512,he/him/his,0,1,0.0
921,4540,he/him/his,1,1,0.0
922,1177,he/him/his,0,0,0.0
923,8074,they/them/their,0,0,0.0
924,4686,he/him/his,0,0,0.424
925,4721,he/him/his,1,1,0.0
926,4765,he/him/his,0,0,0.009999999999999981
927,1209,he/him/his,0,0,0.0
928,1213,he/him/his,0,0,0.0
929,1222,they/them/their,0,-1,0.0
930,1236,she/her,0,0,0.31
931,4855,they/them/their,0,1,0.346
932,1238,he/him/his,0,0,0.0
933,4873,they/them/their,0,0,-0.368
934,4880,he/him/his,0,0,-0.094
935,1265,he/him/his,0,0,0.662
936,4922,he/him/his,0,0,0.0
937,8239,he/him/his,-1,0,0.0
938,1274,he/him/his,-1,0,0.0
939,1275,they/them/their,3,3,0.0
940,1276,he/him/his,0,0,1.352
941,8361,he/him/his,0,0,0.608
942,4959,he/him/his,0,0,0.0
943,8468,they/them/their,0,0,0.642
944,8491,he/him/his,0,0,0.252
945,1315,he/him/his,0,0,0.29
946,5152,they/them/their,0,0,0.9299999999999999
947,5174,he/him/his,-1,0,-0.34
948,8693,they/them/their,0,0,0.0
949,5195,he/him/his,0,0,0.0
950,1354,she/her,0,0,-0.09
951,411,he/him/his,0,0,0.0
952,1366,she/her,0,0,0.0
953,5323,they/them/their,0,0,0.0
954,5334,they/them/their,0,0,-0.08
955,1374,he/him/his,0,0,0.0
956,1379,he/him/his,0,0,-0.17
957,1380,he/him/his,0,0,0.092
958,8913,he/him/his,0,0,-0.17
959,8940,they/them/their,0,0,0.468
960,1391,he/him/his,0,0,0.0
961,5401,they/them/their,0,0,0.784
962,1393,she/her,1,1,0.0
963,1394,she/her,0,0,0.648
964,5475,they/them/their,1,1,0.0
965,9057,they/them/their,0,2,0.154
966,9117,they/them/their,0,0,-0.9179999999999999
967,5518,they/them/their,0,0,0.178
968,5526,they/them/their,0,2,-0.34
969,5566,they/them/their,0,0,0.21000000000000002
970,1453,he/him/his,0,0,0.038
971,1529,they/them/their,0,0,-0.182
972,5793,they/them/their,0,0,0.0
973,5795,they/them/their,0,0,0.0
974,502,he/him/his,0,0,0.0
975,1533,they/them/their,0,2,0.0
976,504,she/her,0,0,0.0
977,5805,they/them/their,0,0,0.0
978,1549,they/them/their,0,0,0.09
979,5827,they/them/their,0,0,0.0
980,1572,they/them/their,0,0,0.778
981,1609,he/him/his,0,0,0.108
982,1634,they/them/their,0,0,0.108
983,1666,he/him/his,0,0,-0.08
984,1669,she/her,0,0,0.0
985,1680,she/her,0,0,0.228
986,1699,they/them/their,2,1,0.0
987,82,he/him/his,-1,0,0.0
988,1710,they/them/their,-1,1,0.0
989,532,she/her,0,0,-0.08
990,1707,she/her,0,0,0.474
991,1737,she/her,0,0,0.0
992,541,he/him/his,-1,0,0.0
993,547,she/her,0,0,0.0
994,548,he/him/his,0,0,-0.09
995,1793,they/them/their,0,0,-0.36200000000000004
996,558,he/him/his,0,0,-0.034
997,1821,they/them/their,0,0,-0.428
998,5985,he/him/his,1,1,-0.132
999,567,he/him/his,0,0,0.0
1000,6013,she/her,0,2,0.0
1001,1861,they/them/their,0,0,0.0
1002,578,he/him/his,0,0,0.0
1003,1898,they/them/their,0,0,0.0
1004,583,he/him/his,0,0,0.0
1005,585,he/him/his,1,1,0.0
1006,591,he/him/his,-1,-1,-0.408
1007,1912,he/him/his,0,0,0.72
1008,594,he/him/his,0,0,0.0
1009,1946,they/them/their,2,2,0.0
1010,1949,she/her,0,0,-0.148
1011,1950,they/them/their,0,0,0.0
1012,1952,she/her,0,0,-0.428
1013,30,she/her,0,0,0.0
1014,603,she/her,0,0,0.0
1015,1998,they/them/their,0,1,-0.058
1016,2017,she/her,0,0,0.072
1017,6070,he/him/his,1,2,0.0
1018,2041,they/them/their,0,0,0.0
1019,2046,he/him/his,0,0,0.698
1020,612,she/her,0,0,0.0
1021,2057,he/him/his,-1,0,0.0
1022,621,they/them/their,0,0,0.0
1023,2112,they/them/their,0,0,0.0
1024,2142,he/him/his,0,0,0.0
1025,2163,she/her,0,0,-0.018
1026,2187,she/her,2,2,0.0
1027,2196,he/him/his,2,2,0.056
1028,2198,she/her,0,0,0.0
1029,636,they/them/their,1,1,0.0
1030,2231,he/him/his,0,0,0.182
1031,640,they/them/their,2,2,0.0
1032,645,she/her,0,0,-0.204
1033,648,he/him/his,0,0,0.0
1034,661,they/them/their,0,0,0.0
1035,662,he/him/his,0,0,0.716
1036,663,he/him/his,0,-1,0.0
1037,2309,they/them/their,0,0,0.0
1038,664,they/them/their,0,0,0.0
1039,669,he/him/his,0,0,0.112
1040,2332,they/them/their,0,0,0.0
1041,2346,they/them/their,0,0,-0.24
1042,684,he/him/his,0,0,0.5219999999999999
1043,2362,he/him/his,0,0,0.0
1044,688,they/them/their,0,0,0.0
1045,6200,they/them/their,0,0,0.0
1046,2436,she/her,0,0,0.0
1047,697,he/him/his,0,0,0.0
1048,701,he/him/his,0,0,0.056
1049,2478,they/them/their,0,1,0.564
1050,6286,she/her,0,0,0.0
1051,2581,he/him/his,0,0,0.0
1052,2625,they/them/their,0,0,0.0
1053,750,he/him/his,0,0,0.016
1054,753,he/him/his,0,0,0.0
1055,6344,she/her,0,0,0.0
1056,2650,they/them/their,0,0,0.056
1057,6367,they/them/their,-2,0,0.0
1058,2664,she/her,0,0,-0.12
1059,760,he/him/his,1,1,-0.2
1060,764,he/him/his,0,0,0.0
1061,2665,he/him/his,-1,-1,0.092
1062,772,she/her,0,0,0.0
1063,6432,he/him/his,0,0,0.45
1064,6446,they/them/their,0,0,0.0
1065,6462,they/them/their,0,0,0.268
1066,774,she/her,0,1,0.0
1067,6483,they/them/their,0,0,0.0
1068,782,they/them/their,0,0,0.0
1069,2709,they/them/their,1,1,0.0
1070,6532,he/him/his,1,0,0.0
1071,787,he/him/his,0,0,-0.09
1072,798,he/him/his,0,-1,0.0
1073,807,he/him/his,0,-1,0.0
1074,809,he/him/his,0,0,0.0
1075,813,he/him/his,0,-1,0.426
1076,814,she/her,0,0,0.0
1077,821,he/him/his,0,0,0.0
1078,823,he/him/his,0,0,0.0
1079,827,he/him/his,0,0,0.648
1080,6637,they/them/their,0,0,0.334
1081,830,he/him/his,1,1,0.0
1082,832,he/him/his,0,0,0.0
1083,835,he/him/his,0,0,0.0
1084,836,they/them/their,1,1,0.0
1085,2752,he/him/his,-1,0,0.662
1086,2753,she/her,0,0,0.0
1087,839,they/them/their,-1,0,0.0
1088,846,they/them/their,0,0,0.0
1089,6680,she/her,0,0,0.0
1090,855,she/her,0,0,0.0
1091,6695,he/him/his,0,0,-0.51
1092,2814,they/them/their,-1,0,0.784
1093,6712,he/him/his,0,0,-0.018
1094,858,they/them/their,0,0,0.016
1095,6771,she/her,0,0,0.0
1096,2880,they/them/their,0,0,0.0
1097,2903,she/her,1,1,0.0
1098,6798,they/them/their,0,0,-0.146
1099,6818,they/them/their,0,0,-0.138
1100,6826,they/them/their,0,0,0.0
1101,6828,they/them/their,0,0,0.018
1102,6846,they/them/their,0,-1,0.0
1103,881,she/her,0,0,0.0
1104,889,he/him/his,0,0,0.0
1105,896,she/her,0,0,0.0
1106,6878,they/them/their,0,0,0.0
1107,6906,they/them/their,0,0,0.0
1108,3040,they/them/their,0,0,0.0
1109,3078,they/them/their,0,0,-0.678
1110,3099,they/them/their,0,0,0.0
1111,3197,she/her,2,-1,0.124
1112,3200,they/them/their,0,0,0.0
1113,915,he/him/his,0,0,0.0
1114,3213,she/her,0,0,-0.094
1115,3260,she/her,0,0,0.0
1116,919,she/her,0,0,-0.17
1117,920,he/him/his,0,0,0.0
1118,7020,they/them/their,0,-1,0.0
1119,7027,he/him/his,-1,0,0.0
1120,3324,they/them/their,0,0,0.0
1121,7041,they/them/their,1,1,0.0
1122,7063,they/them/their,1,1,0.0
1123,7092,they/them/their,0,0,0.0
1124,7120,they/them/their,0,0,0.0
1125,7128,she/her,1,1,0.0
1126,946,she/her,0,0,0.0
1127,7144,he/him/his,0,0,0.0
1128,949,he/him/his,0,0,0.056
1129,7183,they/them/their,0,0,0.0
1130,967,he/him/his,0,0,0.0
1131,7204,they/them/their,0,0,0.092
1132,3376,they/them/their,-1,0,0.0
1133,7220,they/them/their,0,0,0.648
1134,3377,they/them/their,0,0,-0.08
1135,980,she/her,0,0,0.0
1136,982,he/him/his,0,0,0.692
1137,3503,she/her,0,0,-0.054
1138,3507,they/them/their,1,1,0.234
1139,3510,she/her,0,0,0.0
1140,3555,she/her,0,0,0.296
1141,1530,they/them/their,0,0,0.698
1142,3601,they/them/their,-1,-1,0.0
1143,3617,he/him/his,0,0,0.0
1144,7338,they/them/their,0,0,0.0
1145,7369,she/her,0,0,0.0
1146,7376,they/them/their,1,1,0.0
1147,1007,he/him/his,0,0,0.0
1148,1010,she/her,0,0,0.0
1149,1017,he/him/his,0,0,0.056
1150,1026,he/him/his,0,0,0.0
1151,7442,they/them/their,0,0,-0.034
1152,3639,they/them/their,-2,0,0.0
1153,3640,they/them/their,0,0,0.0
1154,1042,they/them/their,0,0,0.0
1155,7483,they/them/their,1,1,0.0
1156,3697,they/them/their,0,0,0.0
1157,3717,they/them/their,0,0,0.0
1158,7522,they/them/their,0,0,0.0
1159,7539,they/them/their,1,1,0.0
1160,7540,they/them/their,-1,-1,0.0
1161,7541,they/them/their,-1,1,0.0
1162,3740,he/him/his,0,0,-0.492
1163,1058,he/him/his,0,0,0.0
1164,7554,they/them/their,0,0,0.0
1165,3757,they/them/their,0,0,0.0
1166,3759,she/her,-1,0,0.0
1167,7585,he/him/his,0,0,-0.428
1168,1062,he/him/his,0,0,0.0
1169,3828,they/them/their,0,1,0.34
1170,7588,she/her,0,0,0.0
1171,7605,she/her,0,1,-0.684
1172,7609,she/her,0,0,0.31
1173,1088,she/her,0,0,0.0
1174,1097,he/him/his,0,0,0.0
1175,4001,they/them/their,0,0,-0.51
1176,7707,they/them/their,1,1,0.0
1177,1113,he/him/his,0,0,-0.036
1178,7746,he/him/his,0,0,0.0
1179,7787,he/him/his,0,0,0.0
1180,4088,he/him/his,0,0,0.0
1181,7790,they/them/their,0,1,0.0
1182,1123,they/them/their,0,0,0.0
1183,7816,they/them/their,0,0,0.444
1184,1127,he/him/his,0,0,-0.128
1185,4118,they/them/their,0,0,0.0
1186,1134,they/them/their,0,0,0.0
1187,4135,they/them/their,0,0,-0.31
1188,1138,he/him/his,0,0,0.0
1189,4174,she/her,-1,0,0.616
1190,4199,they/them/their,0,0,0.0
1191,4224,she/her,0,0,-0.094
1192,4284,they/them/their,0,0,0.0
1193,4306,they/them/their,0,0,0.314
1194,4308,they/them/their,1,1,0.0
1195,1144,they/them/their,1,-1,0.0
1196,1146,she/her,0,0,0.648
1197,4331,he/him/his,0,0,0.0
1198,1147,he/him/his,0,0,-0.09
1199,7922,they/them/their,0,0,0.21
1200,4386,they/them/their,0,0,0.0
1201,4441,they/them/their,0,0,0.0
1202,4459,they/them/their,0,0,0.0
1203,7945,he/him/his,0,0,0.648
1204,4508,he/him/his,0,0,0.092
1205,16,they/them/their,1,-1,0.0
1206,8011,he/him/his,0,0,0.0
1207,8019,they/them/their,0,0,0.0
1208,4527,they/them/their,0,0,0.086
1209,4548,they/them/their,1,1,0.0
1210,4562,they/them/their,1,1,0.536
1211,4595,they/them/their,0,0,0.0
1212,4610,they/them/their,0,0,0.106
1213,4613,they/them/their,0,0,0.424
1214,4635,he/him/his,0,0,0.0
1215,8058,he/him/his,1,0,0.0
1216,1175,he/him/his,0,1,0.0
1217,2497,she/her,-1,0,0.0
1218,4660,she/her,0,0,0.0
1219,1178,he/him/his,0,0,0.0
1220,340,she/her,0,0,0.22000000000000003
1221,1189,they/them/their,0,0,0.0
1222,4746,she/her,2,2,0.0
1223,1193,he/him/his,0,0,0.0
1224,1195,he/him/his,1,1,0.0
1225,4775,he/him/his,0,0,-0.404
1226,4776,they/them/their,0,0,0.0
1227,1201,they/them/their,0,0,0.0
1228,8155,they/them/their,0,0,-0.204
1229,8161,they/them/their,0,0,0.0
1230,4789,they/them/their,0,0,0.0
1231,1203,he/him/his,0,0,0.0
1232,4799,they/them/their,0,0,0.0
1233,1205,she/her,0,0,0.45
1234,4800,she/her,0,0,0.0
1235,4816,they/them/their,0,0,0.0
1236,1223,he/him/his,0,0,0.0
1237,1224,he/him/his,0,0,0.34
1238,1228,he/him/his,0,0,-0.038
1239,1231,he/him/his,0,0,0.0
1240,1232,he/him/his,0,0,0.0
1241,1248,he/him/his,0,0,0.0
1242,1262,he/him/his,0,0,0.208
1243,8221,he/him/his,0,0,-0.184
1244,8229,they/them/their,0,0,0.226
1245,1266,he/him/his,0,0,0.0
1246,4919,they/them/their,-1,0,0.0
1247,1268,he/him/his,0,0,0.0
1248,4924,they/them/their,0,0,0.0
1249,8249,he/him/his,0,0,0.122
1250,8304,he/him/his,0,0,0.0
1251,1281,he/him/his,0,0,0.7040000000000001
1252,8317,they/them/their,0,0,0.0
1253,1283,he/him/his,0,0,0.0
1254,8333,she/her,0,0,0.056
1255,8368,he/him/his,0,0,0.0
1256,8370,they/them/their,0,0,0.0
1257,8376,they/them/their,0,1,0.0
1258,8385,they/them/their,0,0,0.698
1259,8409,they/them/their,0,0,0.076
1260,4967,he/him/his,0,0,0.88
1261,1309,she/her,0,0,0.648
1262,1312,she/her,0,0,0.654
1263,4989,he/him/his,0,0,0.0
1264,5024,he/him/his,0,0,0.45
1265,1320,she/her,0,0,0.0
1266,5052,they/them/their,0,0,0.0
1267,5062,they/them/their,0,0,0.092
1268,1323,he/him/his,0,0,0.0
1269,5082,they/them/their,0,0,0.0
1270,5090,they/them/their,0,0,0.45
1271,1325,they/them/their,0,0,0.0
1272,8584,they/them/their,-1,0,0.0
1273,1332,he/him/his,0,0,0.0
1274,8630,he/him/his,0,0,0.0
1275,8634,they/them/their,-1,0,0.0
1276,5245,they/them/their,0,0,0.388
1277,5250,she/her,0,0,-0.37
1278,5258,they/them/their,0,0,0.0
1279,1356,she/her,0,0,-0.17
1280,1359,she/her,0,0,0.0
1281,1364,they/them/their,0,0,-0.034
1282,5314,they/them/their,0,0,0.0
1283,1375,he/him/his,0,0,0.0
1284,1383,he/him/his,0,0,0.0
1285,5382,they/them/their,0,0,0.0
1286,1388,he/him/his,-1,0,0.0
1287,5416,they/them/their,0,0,0.0
1288,1402,he/him/his,0,0,0.112
1289,9029,they/them/their,0,0,0.41
1290,5466,they/them/their,0,0,0.0
1291,5468,they/them/their,0,0,0.0
1292,5487,they/them/their,0,0,0.0
1293,9046,she/her,0,0,0.182
1294,1408,he/him/his,0,0,0.0
1295,9075,they/them/their,0,1,-0.31
1296,9098,they/them/their,0,0,-0.116
1297,9112,they/them/their,1,1,0.0
1298,1449,she/her,0,0,0.0
1299,5508,they/them/their,0,0,0.0
1300,5510,they/them/their,0,0,0.0
1301,5513,they/them/their,0,0,0.0
1302,5575,he/him/his,0,0,0.198
1303,9138,she/her,0,0,0.0
1304,5580,they/them/their,-1,0,0.0
1305,1428,they/them/their,0,0,0.0
1306,5649,they/them/their,0,0,0.0
1307,5681,she/her,0,0,0.056
1308,5700,they/them/their,0,1,0.0
1309,5711,he/him/his,0,0,-0.128
1310,5777,he/him/his,0,0,0.32
